t,rb_up_sim,zb_up_sim,rb_up_model,zb_up_model,rb_down_sim,zb_down_sim,rb_down_model,zb_down_model
0.00,0.00,0.00,0.00,0.00,0.00,0.00,0.00,0.00
0.10,0.09,0.45,0.09,0.43,0.09,0.45,0.09,0.43
0.20,0.13,0.95,0.13,0.92,0.13,0.95,0.13,0.92
0.30,0.17,1.40,0.17,1.38,0.17,1.40,0.17,1.38
0.40,0.19,1.82,0.19,1.80,0.19,1.82,0.19,1.80
0.50,0.21,2.20,0.21,2.18,0.21,2.20,0.21,2.18
0.60,0.23,2.55,0.23,2.53,0.23,2.55,0.23,2.53
0.70,0.24,2.88,0.24,2.86,0.24,2.88,0.24,2.86
0.80,0.25,3.18,0.25,3.16,0.25,3.18,0.25,3.16
