t_Fr5p1,rb_up_Fr5p1,zb_up_Fr5p1,rb_down_Fr5p1,zb_down_Fr5p1,t_Fr92,rb_up_Fr92,zb_up_Fr92,rb_down_Fr92,zb_down_Fr92
0.01,0.10,0.10,0.10,0.10,0.05,0.08,0.20,0.08,0.20
0.02,0.14,0.19,0.14,0.19,0.10,0.12,0.45,0.12,0.45
0.03,0.17,0.27,0.17,0.27,0.20,0.16,0.90,0.16,0.90
0.04,0.19,0.34,0.19,0.34,0.30,0.19,1.35,0.19,1.35
0.05,0.20,0.40,0.20,0.40,0.40,0.21,1.80,0.21,1.80
0.06,0.21,0.46,0.21,0.46,0.50,0.22,2.20,0.22,2.20
0.07,0.22,0.51,0.22,0.51,0.60,0.23,2.55,0.23,2.55
0.08,0.22,0.55,0.22,0.55,0.70,0.24,2.90,0.24,2.90
0.09,0.23,0.58,0.23,0.58,0.80,0.24,3.20,0.24,3.20
